{"cameraMode":{"drawMode":0,"name":"Shaded","section":"Shading Mode"},"sceneLighting":true,"audioPlay":false,"sceneViewState":{"m_AlwaysRefresh":false,"showFog":true,"showSkybox":true,"showFlares":true,"showImageEffects":true,"showParticleSystems":true,"showVisualEffectGraphs":true,"m_FxEnabled":true},"in2DMode":false,"pivot":{"x":-2.1421573162078859,"y":1.9998115301132203,"z":-1.3407421112060547},"rotation":{"x":-0.20755957067012788,"y":0.02493644505739212,"z":-0.005386881995946169,"w":-0.9779624342918396},"size":0.8660253882408142,"orthographic":false}